<?xml version="1.0" encoding="UTF-8"?>
<Configuration status="WARN" monitorInterval="10">
  <Properties>
    <Property name="appName">ms-smbq-spec-mobile-claims</Property>
    <Property name="appType">JAVA</Property>
    <Property name="encProvider"/>
  </Properties>
  <Appenders>
    <Console name="Console" target="SYSTEM_OUT" follow="true">
      <PatternLayout disableAnsi="false"
        pattern="%d{yyyy-MM-dd HH:mm:ss} [%tn] %highlight{%-5level} %logger{36} [traceId=${jaegerSpan:traceId}, spanId=${jaegerSpan:spanId}] - %highlight{%msg%throwable%n}{STYLE=Default}"/>
    </Console>
  </Appenders>
  <Loggers>
    <Root level="info">
      <AppenderRef ref="Console"/>
    </Root>
  </Loggers>
</Configuration>
