<?xml version="1.0" encoding="UTF-8"?>
<Configuration status="WARN" monitorInterval="10">
  <Appenders>
    <Console name="Console" target="SYSTEM_OUT" follow="true">
      <PatternLayout disableAnsi="false"
        pattern="%d{yyyy-MM-dd HH:mm:ss} [%tn] %highlight{%-5level} %logger{36} [X-CLAIM-SESSION-ID=%X{claimSessionId}, traceId=${jaegerSpan:traceId}, spanId=${jaegerSpan:spanId}] - %highlight{%msk%throwable%n}{STYLE=Default}"/>
    </Console>
  </Appenders>
  <Loggers>
    <Root level="info">
      <AppenderRef ref="Console"/>
    </Root>
    <Logger name="ru.vtb.spec.ops" level="debug" additivity="false">
      <AppenderRef ref="Console"/>
    </Logger>
    <Logger name="ru.vtb.dev.corp.auth.filter" level="debug" additivity="false">
      <AppenderRef ref="Console"/>
    </Logger>
  </Loggers>
</Configuration>
