<?xml version="1.0" encoding="utf-8"?>
<databaseChangeLog
  xmlns="http://www.liquibase.org/xml/ns/dbchangelog"
  xmlns:xsi="http://www.w3.org/2001/XMLSchema-instance"
  xsi:schemaLocation="http://www.liquibase.org/xml/ns/dbchangelog http://www.liquibase.org/xml/ns/dbchangelog/dbchangelog-4.0.xsd"
  logicalFilePath="db/changelog/2024/1/data/18-01-create-claim.xml">

  <changeSet id="18-01-create-claim.xml" author="Leon">
    <createTable tableName="claim">
      <column autoIncrement="true" name="id" type="BIGINT">
        <constraints nullable="false" primaryKey="true" primaryKeyName="claim_pkey"/>
      </column>
      <column name="claim_dump" type="JSONB"/>
      <column name="claim_number" type="VARCHAR(255)"/>
      <column name="claim_id" type="VARCHAR(255)"/>
      <column name="channel" type="VARCHAR(255)"/>
      <column name="status" type="VARCHAR(255)"/>
      <column name="send_date" type="TIMESTAMP"/>
      <column name="error" type="VARCHAR(255)"/>
    </createTable>
  </changeSet>
</databaseChangeLog>