<?xml version="1.0" encoding="utf-8"?>
<databaseChangeLog
  xmlns="http://www.liquibase.org/xml/ns/dbchangelog"
  xmlns:xsi="http://www.w3.org/2001/XMLSchema-instance"
  xsi:schemaLocation="http://www.liquibase.org/xml/ns/dbchangelog http://www.liquibase.org/xml/ns/dbchangelog/dbchangelog-4.0.xsd"
  logicalFilePath="db/changelog/2024/1/data/18-01-create-country.xml">

  <changeSet id="18-01-create-country.xml" author="Leon">
    <createTable tableName="country">
      <column autoIncrement="true" name="id" type="BIGINT">
        <constraints nullable="false" primaryKey="true" primaryKeyName="country_pkey"/>
      </column>
      <column name="iso_a2_code" type="VARCHAR(2)"/>
      <column name="iso_a3_code" type="VARCHAR(3)"/>
      <column name="iso_id" type="INT"/>
      <column name="iso_number" type="INT"/>
      <column name="name_en" type="VARCHAR(255)"/>
      <column name="name_ru" type="VARCHAR(255)"/>
    </createTable>
  </changeSet>
</databaseChangeLog>