<?xml version="1.0" encoding="UTF-8" ?>
<Configuration status="DEBUG">
    <Appenders>
        <Console name="LogToConsole" target="SYSTEM_OUT">
            <PatternLayout>
                <disableAnsi>false</disableAnsi>
                <Pattern>%style{%d{yyyy-MM-dd HH:mm:ss,SSS}}{magenta} %style{%-5level}{bold} [%style{%t}{blue}:%style{%X{requestId:-none}}{cyan}] [%style{%X{user_id:-none}}{green}] %style{%C{1.}}{yellow}: %msg%n%throwable</Pattern>
            </PatternLayout>
        </Console>
    </Appenders>
    <Loggers>
        <Logger name="ru.vtb.tsp.ia.epay" level="${env:LOG_LEVEL:-INFO}" additivity="false">
            <AppenderRef ref="LogToConsole"/>
        </Logger>
        <Root level="INFO">
            <AppenderRef ref="LogToConsole"/>
        </Root>
    </Loggers>
</Configuration>