[
  {
    "id": "000670ce-56d8-11ee-8c99-0242ac120002",
    "type": "A2C_TRANSFER",
    "state": "Active",
    "created": "2022-10-03 10:44:16.209",
    "modified": "2022-10-03 10:44:16.209",
    "merchantId": "00000000",
    "url": "https://site.ru/",
    "name": "SITE.ru",
    "login": "epa_client_id",
    "externalApplicationId": "epa_external_application_id",
    "params": {
      "mcc": "6536",
      "callbackUrl": null,
      "sbpParams": null,
      "cardParams": null,
      "transferParams": {
        "merchantId": "33685533",
        "terminalId": "77054517",
        "account": {
          "accountNumber": "40702978700100000001",
          "accountBalanceNum": "40702",
          "legalName": {
            "name": "ELECTRONSERVICE",
            "opf": "LLC"
          },
          "opened": "2004-10-07",
          "closed": "2026-07-31",
          "status": "1",
          "currency": "RUB",
          "department": {
            "departmentRefCode": "768078",
            "departmentName": "дополнительный офис \"Петровский\" в г. Москве",
            "departmentEmail": "mail@mail.ru",
            "shortName": "Краткое наименование",
            "address": "г.Красноярск, ул.Весны, д.26",
            "tpCode": "123456",
            "tpBisCode": "37_MIS"
          },
          "branch": {
            "departmentName": "Филиал \"Центральный\" Банка ВТБ (публичное акционерное общество) в г.Москве",
            "departmentBIC": "044525411",
            "correspondentNumber": "30101810600000000957"
          },
          "isActive": true
        },
        "comission": {
          "percent": "1"
        }
      }
    }
  }
]