<?xml version="1.0" encoding="UTF-8"?>
<project xsi:schemaLocation="http://maven.apache.org/POM/4.0.0 https://maven.apache.org/xsd/maven-4.0.0.xsd" xmlns="http://maven.apache.org/POM/4.0.0"
    xmlns:xsi="http://www.w3.org/2001/XMLSchema-instance">
  <modelVersion>4.0.0</modelVersion>
  <parent>
    <groupId>org.springframework.boot</groupId>
    <artifactId>spring-boot-starter-parent</artifactId>
    <version>2.4.4</version>
    <relativePath></relativePath>
  </parent>
  <groupId>ru.vtb.tsp.ia.epay</groupId>
  <artifactId>adminconsole</artifactId>
  <version>1.8.0</version>
  <name>adminconsole</name>
  <description>adminconsole</description>
  <licenses>
    <license>
      <name>Apache License, Version 2.0</name>
      <url>https://www.apache.org/licenses/LICENSE-2.0</url>
    </license>
  </licenses>
  <properties>
    <lombok.version>1.18.18</lombok.version>
    <log4j2.version>2.17.0</log4j2.version>
    <java.version>11</java.version>
    <flatten-maven-plugin.version>1.2.5</flatten-maven-plugin.version>
    <revision>1.8.0</revision>
  </properties>
  <dependencies>
    <dependency>
      <groupId>com.fasterxml.jackson.core</groupId>
      <artifactId>jackson-core</artifactId>
      <version>2.12.4</version>
    </dependency>
    <dependency>
      <groupId>org.springframework.boot</groupId>
      <artifactId>spring-boot-starter</artifactId>
      <exclusions>
        <exclusion>
          <groupId>org.springframework.boot</groupId>
          <artifactId>spring-boot-starter-logging</artifactId>
        </exclusion>
      </exclusions>
    </dependency>
    <dependency>
      <groupId>org.springframework.boot</groupId>
      <artifactId>spring-boot-starter-web</artifactId>
      <exclusions>
        <exclusion>
          <groupId>org.springframework.boot</groupId>
          <artifactId>spring-boot-starter-logging</artifactId>
        </exclusion>
      </exclusions>
    </dependency>
    <dependency>
      <groupId>org.springframework.boot</groupId>
      <artifactId>spring-boot-starter-log4j2</artifactId>
    </dependency>
    <dependency>
      <groupId>org.apache.logging.log4j</groupId>
      <artifactId>log4j-core</artifactId>
      <version>${log4j2.version}</version>
      <scope>compile</scope>
    </dependency>
    <dependency>
      <groupId>org.apache.logging.log4j</groupId>
      <artifactId>log4j-api</artifactId>
      <version>${log4j2.version}</version>
      <scope>compile</scope>
    </dependency>
    <dependency>
      <groupId>org.springframework.boot</groupId>
      <artifactId>spring-boot-devtools</artifactId>
      <scope>runtime</scope>
      <exclusions>
        <exclusion>
          <groupId>org.springframework.boot</groupId>
          <artifactId>spring-boot-starter-logging</artifactId>
        </exclusion>
      </exclusions>
      <optional>true</optional>
    </dependency>
    <dependency>
      <groupId>io.swagger.core.v3</groupId>
      <artifactId>swagger-annotations</artifactId>
      <version>2.1.11</version>
    </dependency>
    <dependency>
      <groupId>org.springdoc</groupId>
      <artifactId>springdoc-openapi-ui</artifactId>
      <version>1.5.13</version>
    </dependency>
    <dependency>
      <groupId>io.jsonwebtoken</groupId>
      <artifactId>jjwt</artifactId>
      <version>0.9.1</version>
    </dependency>
    <dependency>
      <groupId>com.google.code.findbugs</groupId>
      <artifactId>jsr305</artifactId>
      <version>3.0.2</version>
    </dependency>
    <dependency>
      <groupId>org.apache.commons</groupId>
      <artifactId>commons-text</artifactId>
      <version>1.9</version>
    </dependency>
    <dependency>
      <groupId>org.apache.httpcomponents</groupId>
      <artifactId>httpclient</artifactId>
      <version>4.5.13</version>
    </dependency>
    <dependency>
      <groupId>org.springframework.boot</groupId>
      <artifactId>spring-boot-configuration-processor</artifactId>
      <exclusions>
        <exclusion>
          <groupId>org.springframework.boot</groupId>
          <artifactId>spring-boot-starter-logging</artifactId>
        </exclusion>
      </exclusions>
      <optional>true</optional>
    </dependency>
    <dependency>
      <groupId>org.projectlombok</groupId>
      <artifactId>lombok</artifactId>
      <version>${lombok.version}</version>
      <optional>true</optional>
    </dependency>
    <dependency>
      <groupId>org.springframework.boot</groupId>
      <artifactId>spring-boot-starter-actuator</artifactId>
    </dependency>
    <dependency>
      <groupId>io.micrometer</groupId>
      <artifactId>micrometer-registry-prometheus</artifactId>
    </dependency>
    <dependency>
      <groupId>io.opentracing.contrib</groupId>
      <artifactId>opentracing-spring-jaeger-cloud-starter</artifactId>
      <version>3.1.2</version>
      <exclusions>
        <exclusion>
          <groupId>org.springframework.boot</groupId>
          <artifactId>spring-boot-starter-tomcat</artifactId>
        </exclusion>
        <exclusion>
          <groupId>org.springframework.boot</groupId>
          <artifactId>spring-boot-starter-logging</artifactId>
        </exclusion>
        <exclusion>
          <groupId>ch.qos.logback</groupId>
          <artifactId>logback-classic</artifactId>
        </exclusion>
        <exclusion>
          <groupId>ch.qos.logback</groupId>
          <artifactId>logback-core</artifactId>
        </exclusion>
      </exclusions>
    </dependency>
    <dependency>
      <groupId>org.springframework.data</groupId>
      <artifactId>spring-data-commons</artifactId>
      <version>2.4.6</version>
    </dependency>
    <dependency>
      <groupId>ru.vtb.tsp.ia.epay</groupId>
      <artifactId>epay-merchant-api-api</artifactId>
      <version>1.8.0</version>
    </dependency>
    <dependency>
      <groupId>ru.vtb.tsp.ia.epay</groupId>
      <artifactId>epay-merchant-api-client</artifactId>
      <version>1.8.0</version>
    </dependency>
    <dependency>
      <groupId>ru.vtb.omni</groupId>
      <artifactId>audit-lib-in-memory-storage</artifactId>
      <version>10.7.1.7</version>
      <exclusions>
        <exclusion>
          <groupId>org.springframework.boot</groupId>
          <artifactId>spring-boot-starter-tomcat</artifactId>
        </exclusion>
        <exclusion>
          <groupId>org.springframework.boot</groupId>
          <artifactId>spring-boot-starter-logging</artifactId>
        </exclusion>
        <exclusion>
          <groupId>ch.qos.logback</groupId>
          <artifactId>logback-classic</artifactId>
        </exclusion>
        <exclusion>
          <groupId>ch.qos.logback</groupId>
          <artifactId>logback-core</artifactId>
        </exclusion>
      </exclusions>
    </dependency>
    <dependency>
      <groupId>ru.vtb.omni</groupId>
      <artifactId>audit-lib-kafka-sender</artifactId>
      <version>10.7.1.7</version>
      <exclusions>
        <exclusion>
          <groupId>org.springframework.boot</groupId>
          <artifactId>spring-boot-starter-tomcat</artifactId>
        </exclusion>
        <exclusion>
          <groupId>org.springframework.boot</groupId>
          <artifactId>spring-boot-starter-logging</artifactId>
        </exclusion>
        <exclusion>
          <groupId>ch.qos.logback</groupId>
          <artifactId>logback-classic</artifactId>
        </exclusion>
        <exclusion>
          <groupId>ch.qos.logback</groupId>
          <artifactId>logback-core</artifactId>
        </exclusion>
      </exclusions>
    </dependency>
    <dependency>
      <groupId>ru.vtb.omni</groupId>
      <artifactId>audit-lib-freemarker-template-resolver</artifactId>
      <version>10.7.1.7</version>
      <exclusions>
        <exclusion>
          <groupId>org.springframework.boot</groupId>
          <artifactId>spring-boot-starter-tomcat</artifactId>
        </exclusion>
        <exclusion>
          <groupId>org.springframework.boot</groupId>
          <artifactId>spring-boot-starter-logging</artifactId>
        </exclusion>
        <exclusion>
          <groupId>ch.qos.logback</groupId>
          <artifactId>logback-classic</artifactId>
        </exclusion>
        <exclusion>
          <groupId>ch.qos.logback</groupId>
          <artifactId>logback-core</artifactId>
        </exclusion>
      </exclusions>
    </dependency>
    <dependency>
      <groupId>ru.vtb.omni</groupId>
      <artifactId>audit-lib-servlet-context</artifactId>
      <version>10.7.1.7</version>
      <exclusions>
        <exclusion>
          <groupId>org.springframework.boot</groupId>
          <artifactId>spring-boot-starter-tomcat</artifactId>
        </exclusion>
        <exclusion>
          <groupId>org.springframework.boot</groupId>
          <artifactId>spring-boot-starter-logging</artifactId>
        </exclusion>
        <exclusion>
          <groupId>ch.qos.logback</groupId>
          <artifactId>logback-classic</artifactId>
        </exclusion>
        <exclusion>
          <groupId>ch.qos.logback</groupId>
          <artifactId>logback-core</artifactId>
        </exclusion>
      </exclusions>
    </dependency>
  </dependencies>
  <build>
    <plugins>
      <plugin>
        <groupId>org.codehaus.mojo</groupId>
        <artifactId>flatten-maven-plugin</artifactId>
        <version>${flatten-maven-plugin.version}</version>
        <executions>
          <execution>
            <id>flatten</id>
            <phase>process-resources</phase>
            <goals>
              <goal>flatten</goal>
            </goals>
          </execution>
          <execution>
            <id>flatten.clean</id>
            <phase>clean</phase>
            <goals>
              <goal>clean</goal>
            </goals>
          </execution>
        </executions>
        <configuration>
          <updatePomFile>true</updatePomFile>
          <flattenMode>resolveCiFriendliesOnly</flattenMode>
        </configuration>
      </plugin>
      <plugin>
        <groupId>org.springframework.boot</groupId>
        <artifactId>spring-boot-maven-plugin</artifactId>
        <executions>
          <execution>
            <id>repackage</id>
            <goals>
              <goal>repackage</goal>
              <goal>build-info</goal>
            </goals>
            <configuration>
              <mainClass>ru.vtb.tsp.ia.epay.adminconsole.App</mainClass>
              <finalName>app</finalName>
            </configuration>
          </execution>
        </executions>
        <configuration>
          <excludes>
            <exclude>
              <groupId>org.projectlombok</groupId>
              <artifactId>lombok</artifactId>
            </exclude>
          </excludes>
        </configuration>
      </plugin>
      <plugin>
        <artifactId>maven-compiler-plugin</artifactId>
        <configuration>
          <source>${maven.compiler.source}</source>
          <target>${maven.compiler.source}</target>
          <annotationProcessorPaths>
            <path>
              <groupId>org.projectlombok</groupId>
              <artifactId>lombok</artifactId>
              <version>${lombok.version}</version>
            </path>
            <path>
              <groupId>org.springframework.boot</groupId>
              <artifactId>spring-boot-configuration-processor</artifactId>
              <version>${project.parent.version}</version>
            </path>
          </annotationProcessorPaths>
        </configuration>
      </plugin>
    </plugins>
  </build>
</project>
