[
  {
    "orderCode": "5d0691cc-c45a-4e4d-a166-000000000000",
    "orderMerchantId": "5d0691cc-c45a-4e4d-a166-000000000000",
    "createdDate": "2020-01-01T00:00:00.001Z",
    "amount": {
      "value": 1,
      "currency": "currency"
    },
    "status": "CREATED",
    "merchantSite": {
      "id": "id",
      "url": "url",
      "merchantId": "5d0691cc-c45a-4e4d-a166-000000000001",
      "fullName": "fullName"
    },
    "transactions": [
      {
        "paymentType": "payment type"
      }
    ],
    "paymentType": "SBP",
    "sourceSystem": "ALL",
    "actions": {
      "refund": true,
      "confirm": true,
      "cancel": true
    }
  },
  {
    "orderCode": "5d0691cc-c45a-4e4d-a166-000000000001",
    "orderMerchantId": "5d0691cc-c45a-4e4d-a166-000000000001",
    "createdDate": "2021-01-01T00:00:00.001Z",
    "amount": {
      "value": 1,
      "currency": "currency"
    },
    "status": "CREATED",
    "merchantSite": {
      "id": "5d0691cc-c45a-4e4d-a166-000000000001",
      "url": "url",
      "merchantId": "5d0691cc-c45a-4e4d-a166-000000000001",
      "fullName": "fullName"
    },
    "transactions": [
      {
        "paymentType": "payment type"
      }
    ],
    "paymentType": "SBP",
    "sourceSystem": "ALL",
    "actions": {
      "refund": true,
      "confirm": true,
      "cancel": true
    }
  },
  {
    "orderCode": "5d0691cc-c45a-4e4d-a166-000000000002",
    "orderMerchantId": "5d0691cc-c45a-4e4d-a166-000000000002",
    "createdDate": "2022-01-01T00:00:00.001Z",
    "amount": {
      "value": 1,
      "currency": "currency"
    },
    "status": "PAID",
    "merchantSite": {
      "id": "5d0691cc-c45a-4e4d-a166-000000000002",
      "url": "url",
      "merchantId": "5d0691cc-c45a-4e4d-a166-000000000002",
      "fullName": "fullName"
    },
    "transactions": [
      {
        "paymentType": "payment type"
      }
    ],
    "paymentType": "SBP",
    "sourceSystem": "ALL",
    "actions": {
      "refund": true,
      "confirm": true,
      "cancel": true
    }
  },
  {
    "orderCode": "5d0691cc-c45a-4e4d-a166-000000000003",
    "orderMerchantId": "5d0691cc-c45a-4e4d-a166-000000000003",
    "createdDate": "2023-01-01T00:00:00.001Z",
    "amount": {
      "value": 5,
      "currency": "currency"
    },
    "status": "REFUNDED",
    "merchantSite": {
      "id": "5d0691cc-c45a-4e4d-a166-000000000003",
      "url": "url",
      "merchantId": "5d0691cc-c45a-4e4d-a166-000000000003",
      "fullName": "fullName"
    },
    "transactions": [
      {
        "paymentType": "payment type"
      }
    ],
    "paymentType": "CARD",
    "sourceSystem": "ALL",
    "actions": {
      "refund": true,
      "confirm": true,
      "cancel": true
    }
  },
  {
    "orderCode": "5d0691cc-c45a-4e4d-a166-000000000004",
    "orderMerchantId": "5d0691cc-c45a-4e4d-a166-000000000004",
    "createdDate": "2024-01-01T00:00:00.001Z",
    "amount": {
      "value": 30,
      "currency": "currency"
    },
    "status": "REFUNDED",
    "merchantSite": {
      "id": "5d0691cc-c45a-4e4d-a166-000000000004",
      "url": "url",
      "merchantId": "5d0691cc-c45a-4e4d-a166-000000000004",
      "fullName": "fullName"
    },
    "transactions": [
      {
        "paymentType": "payment type"
      }
    ],
    "paymentType": "CARD",
    "sourceSystem": "IBLK",
    "actions": {
      "refund": true,
      "confirm": true,
      "cancel": true
    }
  }
]